INSERT INTO TUser(nUserID,cFirstName,cSurname,cAddress,cZipCode,nCityID,cPhoneNumber,cEmail,nTotalSpent) VALUES (1,'John','Doe','Rentemestervej 1','2400',1,'88331212','a@a.dk',157.50);
INSERT INTO TUser(nUserID,cFirstName,cSurname,cAddress,cZipCode,nCityID,cPhoneNumber,cEmail,nTotalSpent) VALUES (2,'Jakob','Jensen','Hvidovrevej 280','2650',7,'76567777','jako@jens.dk',107.00);
INSERT INTO TUser(nUserID,cFirstName,cSurname,cAddress,cZipCode,nCityID,cPhoneNumber,cEmail,nTotalSpent) VALUES (3,'Mehmet','Deniz','Egevolden 188','2650',7,'76567777','me@me.dk',79.00);
INSERT INTO TUser(nUserID,cFirstName,cSurname,cAddress,cZipCode,nCityID,cPhoneNumber,cEmail,nTotalSpent) VALUES (4,'Mia','Olsen','Bymuren 22','2650',7,'55662121','mia@olsen.dk',53,95);
INSERT INTO TUser(nUserID,cFirstName,cSurname,cAddress,cZipCode,nCityID,cPhoneNumber,cEmail,nTotalSpent) VALUES (5,'Jakob','Fisker','Lygten 37','2400',1,'90897867','j@j.dk',83,25);
INSERT INTO TUser(nUserID,cFirstName,cSurname,cAddress,cZipCode,nCityID,cPhoneNumber,cEmail,nTotalSpent) VALUES (6,'Mette','Mortensen','Valbyvej 65','4200',10,'76567777','me@Mortensen.dk',166.00);
INSERT INTO TUser(nUserID,cFirstName,cSurname,cAddress,cZipCode,nCityID,cPhoneNumber,cEmail,nTotalSpent) VALUES (7,'Jens','Olesen','Vandværksvej 3','4200',10,'76313244','jens@olesen.dk',33.50);
INSERT INTO TUser(nUserID,cFirstName,cSurname,cAddress,cZipCode,nCityID,cPhoneNumber,cEmail,nTotalSpent) VALUES (8,'Bibi','Albert','Nordre Fasanvej 32','2000',2,'89785544','bibi@albert.dk',39.00);
INSERT INTO TUser(nUserID,cFirstName,cSurname,cAddress,cZipCode,nCityID,cPhoneNumber,cEmail,nTotalSpent) VALUES (9,'Lone','Kragh','Smalegade 8','2000',2,'34233344','lone@kragh.dk',174.50);
INSERT INTO TUser(nUserID,cFirstName,cSurname,cAddress,cZipCode,nCityID,cPhoneNumber,cEmail,nTotalSpent) VALUES (10,'Britta','Nielsen','Ålekistevej 230','2720',3,'90908888','britta@nielsen.dk',74.50);
INSERT INTO TUser(nUserID,cFirstName,cSurname,cAddress,cZipCode,nCityID,cPhoneNumber,cEmail,nTotalSpent) VALUES (11,'Hanibal','Stump','Linde Alle 3','2720',3,'77664454','hanibal@stump.dk',55.70);
INSERT INTO TUser(nUserID,cFirstName,cSurname,cAddress,cZipCode,nCityID,cPhoneNumber,cEmail,nTotalSpent) VALUES (12,'Ali','Kaya','Engelsborgvej 32','2800',8,'43543322','ali@kaya.dk',113.50);
INSERT INTO TUser(nUserID,cFirstName,cSurname,cAddress,cZipCode,nCityID,cPhoneNumber,cEmail,nTotalSpent) VALUES (13,'David','Lorenzen','Dyrlundsvej 12','4600',6,'60778855','d@l.dk',0.00);
INSERT INTO TUser(nUserID,cFirstName,cSurname,cAddress,cZipCode,nCityID,cPhoneNumber,cEmail,nTotalSpent) VALUES (14,'Jytte','Jensen','Nørre Alle 2','8660',9,'54667788','jytte@jensen.dk',0.00);
INSERT INTO TUser(nUserID,cFirstName,cSurname,cAddress,cZipCode,nCityID,cPhoneNumber,cEmail,nTotalSpent) VALUES (15,'Ole','Skam','Fuglevænget 7','4700',4,'76564433','ole@skam.dk',0.00);

INSERT INTO TCreditCard(nCreditCardID,cCardNumber,nCardHolderID,cExpiryDate,cCCV,nTotalAmountSpent,nUserID) VALUES (1,'1122334455667788',1,1,'04/20','444',157.50,1);
INSERT INTO TCreditCard(nCreditCardID,cCardNumber,nCardHolderID,cExpiryDate,cCCV,nTotalAmountSpent,nUserID) VALUES (2,'1133445566778899',1,1,'05/20','555',0.00,1);
INSERT INTO TCreditCard(nCreditCardID,cCardNumber,nCardHolderID,cExpiryDate,cCCV,nTotalAmountSpent,nUserID) VALUES (3,'1144556677889900',1,1,'06/20','666',0.00,1);
INSERT INTO TCreditCard(nCreditCardID,cCardNumber,nCardHolderID,cExpiryDate,cCCV,nTotalAmountSpent,nUserID) VALUES (4,'1155667788990011',2,2,'07/20','777',107.00,2);
INSERT INTO TCreditCard(nCreditCardID,cCardNumber,nCardHolderID,cExpiryDate,cCCV,nTotalAmountSpent,nUserID) VALUES (5,'1166778899001122',3,3,'08/20','888',79.00,3);
INSERT INTO TCreditCard(nCreditCardID,cCardNumber,nCardHolderID,cExpiryDate,cCCV,nTotalAmountSpent,nUserID) VALUES (6,'1177889900112233',4,4,'09/20','999',26.10,4);
INSERT INTO TCreditCard(nCreditCardID,cCardNumber,nCardHolderID,cExpiryDate,cCCV,nTotalAmountSpent,nUserID) VALUES (7,'1188990011223344',4,4,'10/20','111',27.85,4);
INSERT INTO TCreditCard(nCreditCardID,cCardNumber,nCardHolderID,cExpiryDate,cCCV,nTotalAmountSpent,nUserID) VALUES (8,'1199001122334455',5,5,'11/20','222',45.85,5);
INSERT INTO TCreditCard(nCreditCardID,cCardNumber,nCardHolderID,cExpiryDate,cCCV,nTotalAmountSpent,nUserID) VALUES (9,'2211223344556677',5,5,'12/20','333',37.40,5);
INSERT INTO TCreditCard(nCreditCardID,cCardNumber,nCardHolderID,cExpiryDate,cCCV,nTotalAmountSpent,nUserID) VALUES (10,'2222334455667788',6,6,'01/21','456',166.00,6);
INSERT INTO TCreditCard(nCreditCardID,cCardNumber,nCardHolderID,cExpiryDate,cCCV,nTotalAmountSpent,nUserID) VALUES (11,'2244556677889900',6,6,'02/21','467',0.00,6);
INSERT INTO TCreditCard(nCreditCardID,cCardNumber,nCardHolderID,cExpiryDate,cCCV,nTotalAmountSpent,nUserID) VALUES (12,'2255667788990011',7,7,'03/21','478',33.50,7);
INSERT INTO TCreditCard(nCreditCardID,cCardNumber,nCardHolderID,cExpiryDate,cCCV,nTotalAmountSpent,nUserID) VALUES (13,'2266778899001122',8,8,'04/21','489',39.00,8);
INSERT INTO TCreditCard(nCreditCardID,cCardNumber,nIBANID,nCardHolderID,cExpiryDate,cCCV,nTotalAmountSpent,nUserID) VALUES (14,'2277889900112233',NULL,9,'05/21','512',174.50,9);
INSERT INTO TCreditCard(nCreditCardID,cCardNumber,nIBANID,nCardHolderID,cExpiryDate,cCCV,nTotalAmountSpent,nUserID) VALUES (15,'2288990011223344',NULL,9,'06/21','522',0.00,9);
INSERT INTO TCreditCard(nCreditCardID,cCardNumber,nIBANID,nCardHolderID,cExpiryDate,cCCV,nTotalAmountSpent,nUserID) VALUES (16,'2299001122334455',NULL,9,'07/21','533',0.00,9);
INSERT INTO TCreditCard(nCreditCardID,cCardNumber,nIBANID,nCardHolderID,cExpiryDate,cCCV,nTotalAmountSpent,nUserID) VALUES (17,'3311223344556677',NULL,10,'08/21','544',74.50,10);
INSERT INTO TCreditCard(nCreditCardID,cCardNumber,nIBANID,nCardHolderID,cExpiryDate,cCCV,nTotalAmountSpent,nUserID) VALUES (18,'3322334455667788',NULL,11,'09/21','556',55.70,11);
INSERT INTO TCreditCard(nCreditCardID,cCardNumber,nIBANID,nCardHolderID,cExpiryDate,cCCV,nTotalAmountSpent,nUserID) VALUES (19,'3333445566778899',NULL,11,'10/21','567',0.00,11);
INSERT INTO TCreditCard(nCreditCardID,cCardNumber,nIBANID,nCardHolderID,cExpiryDate,cCCV,nTotalAmountSpent,nUserID) VALUES (20,'3344556677889900',NULL,11,'11/21','578',0.00,11);
INSERT INTO TCreditCard(nCreditCardID,cCardNumber,nIBANID,nCardHolderID,cExpiryDate,cCCV,nTotalAmountSpent,nUserID) VALUES (21,'3355667788990011',NULL,12,'12/21','580',95.50,12);
INSERT INTO TCreditCard(nCreditCardID,cCardNumber,nIBANID,nCardHolderID,cExpiryDate,cCCV,nTotalAmountSpent,nUserID) VALUES (22,'3366778899001122',NULL,12,'01/22','590',18.00,12);
INSERT INTO TCreditCard(nCreditCardID,cCardNumber,nIBANID,nCardHolderID,cExpiryDate,cCCV,nTotalAmountSpent,nUserID) VALUES (23,'3377889900112233',NULL,12,'02/22','610',0.00,12);
INSERT INTO TCreditCard(nCreditCardID,cCardNumber,nIBANID,nCardHolderID,cExpiryDate,cCCV,nTotalAmountSpent,nUserID) VALUES (24,'3388990011223344',NULL,13,'03/22','620',0.00,13);
INSERT INTO TCreditCard(nCreditCardID,cCardNumber,nIBANID,nCardHolderID,cExpiryDate,cCCV,nTotalAmountSpent,nUserID) VALUES (25,'3399001122334455',NULL,13,'04/22','630',0.00,13);
INSERT INTO TCreditCard(nCreditCardID,cCardNumber,nIBANID,nCardHolderID,cExpiryDate,cCCV,nTotalAmountSpent,nUserID) VALUES (26,'4411223344556677',NULL,13,'04/22','640',0.00,13);
INSERT INTO TCreditCard(nCreditCardID,cCardNumber,nIBANID,nCardHolderID,cExpiryDate,cCCV,nTotalAmountSpent,nUserID) VALUES (27,'4422334455667788',NULL,14,'05/22','650',0.00,14);
INSERT INTO TCreditCard(nCreditCardID,cCardNumber,nIBANID,nCardHolderID,cExpiryDate,cCCV,nTotalAmountSpent,nUserID) VALUES (28,'4433445566778899',NULL,14,'06/22','660',0.00,14);
INSERT INTO TCreditCard(nCreditCardID,cCardNumber,nIBANID,nCardHolderID,cExpiryDate,cCCV,nTotalAmountSpent,nUserID) VALUES (29,'4444556677889900',NULL,14,'07/22','670',0.00,14);
INSERT INTO TCreditCard(nCreditCardID,cCardNumber,nIBANID,nCardHolderID,cExpiryDate,cCCV,nTotalAmountSpent,nUserID) VALUES (30,'4455667788990011',NULL,15,'08/22','680',0.00,15);
INSERT INTO TCreditCard(nCreditCardID,cCardNumber,nIBANID,nCardHolderID,cExpiryDate,cCCV,nTotalAmountSpent,nUserID) VALUES (31,'4466778899001122',NULL,15,'09/22','690',0.00,15);
INSERT INTO TCreditCard(nCreditCardID,cCardNumber,nIBANID,nCardHolderID,cExpiryDate,cCCV,nTotalAmountSpent,nUserID) VALUES (32,'4477889900112233',NULL,15,'10/22','700',0.00,15);
INSERT INTO TCreditCard(nCreditCardID,cCardNumber,nIBANID,nCardHolderID,cExpiryDate,cCCV,nTotalAmountSpent,nUserID) VALUES (33,'4488990011223344',NULL,15,'11/22','710',0.00,15);

INSERT INTO TProduct(nProductID,cName,cDescription,nUnitPrice,nStock,nAverageRating) VALUES (1,'Apple','Danish apple',2.50,4,0.0);
INSERT INTO TProduct(nProductID,cName,cDescription,nUnitPrice,nStock,nAverageRating) VALUES (2,'Orange','1. class from Spain',2.00,6,0.0);
INSERT INTO TProduct(nProductID,cName,cDescription,nUnitPrice,nStock,nAverageRating) VALUES (3,'Kiwi','From China',1.50,5,0.0);
INSERT INTO TProduct(nProductID,cName,cDescription,nUnitPrice,nStock,nAverageRating) VALUES (4,'Green Grape','1 kg. From Italy',10,00,7,0.0);
INSERT INTO TProduct(nProductID,cName,cDescription,nUnitPrice,nStock,nAverageRating) VALUES (5,'Red Grape','1 kg. From Italy',10,00,8,0.0);
INSERT INTO TProduct(nProductID,cName,cDescription,nUnitPrice,nStock,nAverageRating) VALUES (6,'Banana','1. class from Turkey',2.10,6,0.0);
INSERT INTO TProduct(nProductID,cName,cDescription,nUnitPrice,nStock,nAverageRating) VALUES (7,'Carrot','2 kg. Danish',20,00,4,0.0);
INSERT INTO TProduct(nProductID,cName,cDescription,nUnitPrice,nStock,nAverageRating) VALUES (8,'Lemon','Yellow and Juicy',2.35,5,0.0);
INSERT INTO TProduct(nProductID,cName,cDescription,nUnitPrice,nStock,nAverageRating) VALUES (9,'Cucumber','Danish',5.50,5,0.0);
INSERT INTO TProduct(nProductID,cName,cDescription,nUnitPrice,nStock,nAverageRating) VALUES (10,'Iceberg','Danish',9.50,6,0.0);
INSERT INTO TProduct(nProductID,cName,cDescription,nUnitPrice,nStock,nAverageRating) VALUES (11,'Parsley','Danish',8.00,6,0.0);
INSERT INTO TProduct(nProductID,cName,cDescription,nUnitPrice,nStock,nAverageRating) VALUES (12,'Radishes','Danish',4.50,6,0.0);
INSERT INTO TProduct(nProductID,cName,cDescription,nUnitPrice,nStock,nAverageRating) VALUES (13,'Avocado','From Turkey',8.00,8,0.0);
INSERT INTO TProduct(nProductID,cName,cDescription,nUnitPrice,nStock,nAverageRating) VALUES (14,'Onion','2 kg. Danish',18,00,2,0.0);
INSERT INTO TProduct(nProductID,cName,cDescription,nUnitPrice,nStock,nAverageRating) VALUES (15,'Garlic','Danish',13,50,3,0.0);
INSERT INTO TProduct(nProductID,cName,cDescription,nUnitPrice,nStock,nAverageRating) VALUES (16,'Aubergine','Turkish',6.00,3,0.0);
INSERT INTO TProduct(nProductID,cName,cDescription,nUnitPrice,nStock,nAverageRating) VALUES (17,'Pineapples','1. class',18,00,12,0.0);
INSERT INTO TProduct(nProductID,cName,cDescription,nUnitPrice,nStock,nAverageRating) VALUES (18,'Papaya','From Mexico',21,00,5,0.0);
INSERT INTO TProduct(nProductID,cName,cDescription,nUnitPrice,nStock,nAverageRating) VALUES (19,'Pomegranate','From Spain',9.00,2,0.0);
INSERT INTO TProduct(nProductID,cName,cDescription,nUnitPrice,nStock,nAverageRating) VALUES (20,'Lime','From Turkey',3.00,8,0.0);

INSERT INTO TInvoice(nInvoiceID,dDate,nTax,nTotalAmount,nCreditCardID) VALUES (1,'2019-12-14 21:25:55.853',25.00,45.00,1);
INSERT INTO TInvoice(nInvoiceID,dDate,nTax,nTotalAmount,nCreditCardID) VALUES (2,'2019-12-14 21:27:20.437',25.00,69.50,1);
INSERT INTO TInvoice(nInvoiceID,dDate,nTax,nTotalAmount,nCreditCardID) VALUES (3,'2019-12-14 21:27:46.183',25.00,43.00,1);
INSERT INTO TInvoice(nInvoiceID,dDate,nTax,nTotalAmount,nCreditCardID) VALUES (4,'2019-12-14 21:29:25.723',25.00,28.50,4);
INSERT INTO TInvoice(nInvoiceID,dDate,nTax,nTotalAmount,nCreditCardID) VALUES (5,'2019-12-14 21:30:17.530',25.00,34.00,4);
INSERT INTO TInvoice(nInvoiceID,dDate,nTax,nTotalAmount,nCreditCardID) VALUES (6,'2019-12-14 21:30:49.303',25.00,44.50,4);
INSERT INTO TInvoice(nInvoiceID,dDate,nTax,nTotalAmount,nCreditCardID) VALUES (7,'2019-12-14 21:31:48.357',25.00,28.00,5);
INSERT INTO TInvoice(nInvoiceID,dDate,nTax,nTotalAmount,nCreditCardID) VALUES (8,'2019-12-14 21:32:08.830',25.00,23.50,5);
INSERT INTO TInvoice(nInvoiceID,dDate,nTax,nTotalAmount,nCreditCardID) VALUES (9,'2019-12-14 21:32:24.300',25.00,27.50,5);
INSERT INTO TInvoice(nInvoiceID,dDate,nTax,nTotalAmount,nCreditCardID) VALUES (10,'2019-12-14 21:33:43.727',25.00,4.00,6);
INSERT INTO TInvoice(nInvoiceID,dDate,nTax,nTotalAmount,nCreditCardID) VALUES (11,'2019-12-14 21:34:02.003',25.00,22.10,6);
INSERT INTO TInvoice(nInvoiceID,dDate,nTax,nTotalAmount,nCreditCardID) VALUES (12,'2019-12-14 21:34:19.420',25.00,10.00,7);
INSERT INTO TInvoice(nInvoiceID,dDate,nTax,nTotalAmount,nCreditCardID) VALUES (13,'2019-12-14 21:35:02.060',25.00,12.35,7);
INSERT INTO TInvoice(nInvoiceID,dDate,nTax,nTotalAmount,nCreditCardID) VALUES (14,'2019-12-14 21:35:21.580',25.00,5.50,7);
INSERT INTO TInvoice(nInvoiceID,dDate,nTax,nTotalAmount,nCreditCardID) VALUES (15,'2019-12-14 21:37:29.120',25.00,13.50,8);
INSERT INTO TInvoice(nInvoiceID,dDate,nTax,nTotalAmount,nCreditCardID) VALUES (16,'2019-12-14 21:37:48.680',25.00,32.35,8);
INSERT INTO TInvoice(nInvoiceID,dDate,nTax,nTotalAmount,nCreditCardID) VALUES (17,'2019-12-14 21:38:06.890',25.00,18.70,9);
INSERT INTO TInvoice(nInvoiceID,dDate,nTax,nTotalAmount,nCreditCardID) VALUES (18,'2019-12-14 21:39:00.883',25.00,18.70,9);
INSERT INTO TInvoice(nInvoiceID,dDate,nTax,nTotalAmount,nCreditCardID) VALUES (19,'2019-12-14 21:40:13.323',25.00,35.00,10);
INSERT INTO TInvoice(nInvoiceID,dDate,nTax,nTotalAmount,nCreditCardID) VALUES (20,'2019-12-14 21:40:28.257',25.00,53.50,10);
INSERT INTO TInvoice(nInvoiceID,dDate,nTax,nTotalAmount,nCreditCardID) VALUES (21,'2019-12-14 21:41:56.920',25.00,45.00,10);
INSERT INTO TInvoice(nInvoiceID,dDate,nTax,nTotalAmount,nCreditCardID) VALUES (22,'2019-12-14 21:42:11.313',25.00,32.50,10);
INSERT INTO TInvoice(nInvoiceID,dDate,nTax,nTotalAmount,nCreditCardID) VALUES (23,'2019-12-14 21:43:00.123',25.00,16.00,12);
INSERT INTO TInvoice(nInvoiceID,dDate,nTax,nTotalAmount,nCreditCardID) VALUES (24,'2019-12-14 21:43:18.187',25.00,17.50,12);
INSERT INTO TInvoice(nInvoiceID,dDate,nTax,nTotalAmount,nCreditCardID) VALUES (25,'2019-12-14 21:44:09.947',25.00,39.00,13);
INSERT INTO TInvoice(nInvoiceID,dDate,nTax,nTotalAmount,nCreditCardID) VALUES (26,'2019-12-14 21:44:52.953',25.00,11.50,14);
INSERT INTO TInvoice(nInvoiceID,dDate,nTax,nTotalAmount,nCreditCardID) VALUES (27,'2019-12-14 21:44:54.840',25.00,11.50,14);
INSERT INTO TInvoice(nInvoiceID,dDate,nTax,nTotalAmount,nCreditCardID) VALUES (28,'2019-12-14 21:45:08.607',25.00,25.50,14);
INSERT INTO TInvoice(nInvoiceID,dDate,nTax,nTotalAmount,nCreditCardID) VALUES (29,'2019-12-14 21:45:14.373',25.00,25.50,14);
INSERT INTO TInvoice(nInvoiceID,dDate,nTax,nTotalAmount,nCreditCardID) VALUES (30,'2019-12-14 21:46:45.987',25.00,47.50,14);
INSERT INTO TInvoice(nInvoiceID,dDate,nTax,nTotalAmount,nCreditCardID) VALUES (31,'2019-12-14 21:47:06.700',25.00,12.50,14);
INSERT INTO TInvoice(nInvoiceID,dDate,nTax,nTotalAmount,nCreditCardID) VALUES (32,'2019-12-14 21:47:08.897',25.00,4.50,14);
INSERT INTO TInvoice(nInvoiceID,dDate,nTax,nTotalAmount,nCreditCardID) VALUES (33,'2019-12-14 21:47:26.737',25.00,36.00,14);
INSERT INTO TInvoice(nInvoiceID,dDate,nTax,nTotalAmount,nCreditCardID) VALUES (34,'2019-12-14 21:48:05.010',25.00,30.00,17);
INSERT INTO TInvoice(nInvoiceID,dDate,nTax,nTotalAmount,nCreditCardID) VALUES (35,'2019-12-14 21:48:06.457',25.00,30.00,17);
INSERT INTO TInvoice(nInvoiceID,dDate,nTax,nTotalAmount,nCreditCardID) VALUES (36,'2019-12-14 21:48:14.940',25.00,14.50,17);
INSERT INTO TInvoice(nInvoiceID,dDate,nTax,nTotalAmount,nCreditCardID) VALUES (37,'2019-12-14 21:48:51.033',25.00,13.50,18);
INSERT INTO TInvoice(nInvoiceID,dDate,nTax,nTotalAmount,nCreditCardID) VALUES (38,'2019-12-14 21:49:12.357',25.00,11.50,18);
INSERT INTO TInvoice(nInvoiceID,dDate,nTax,nTotalAmount,nCreditCardID) VALUES (39,'2019-12-14 21:49:22.967',25.00,7.85,18);
INSERT INTO TInvoice(nInvoiceID,dDate,nTax,nTotalAmount,nCreditCardID) VALUES (40,'2019-12-14 21:49:23.363',25.00,7.85,18);
INSERT INTO TInvoice(nInvoiceID,dDate,nTax,nTotalAmount,nCreditCardID) VALUES (41,'2019-12-14 21:50:19.283',25.00,15.00,18);
INSERT INTO TInvoice(nInvoiceID,dDate,nTax,nTotalAmount,nCreditCardID) VALUES (42,'2019-12-14 21:50:59.083',25.00,25.50,21);
INSERT INTO TInvoice(nInvoiceID,dDate,nTax,nTotalAmount,nCreditCardID) VALUES (43,'2019-12-14 21:51:15.273',25.00,25.00,21);
INSERT INTO TInvoice(nInvoiceID,dDate,nTax,nTotalAmount,nCreditCardID) VALUES (44,'2019-12-14 21:51:58.410',25.00,17.50,21);
INSERT INTO TInvoice(nInvoiceID,dDate,nTax,nTotalAmount,nCreditCardID) VALUES (45,'2019-12-14 21:52:08.430',25.00,27.50,21);
INSERT INTO TInvoice(nInvoiceID,dDate,nTax,nTotalAmount,nCreditCardID) VALUES (46,'2019-12-14 21:52:51.577',25.00,18.00,22);

INSERT INTO TInvoiceLine(nInvoiceID,nProductID,nQuantity,nUnitPrice) VALUES (1,2,2,2.00);
INSERT INTO TInvoiceLine(nInvoiceID,nProductID,nQuantity,nUnitPrice) VALUES (1,3,2,1.50);
INSERT INTO TInvoiceLine(nInvoiceID,nProductID,nQuantity,nUnitPrice) VALUES (1,4,1,10.00);
INSERT INTO TInvoiceLine(nInvoiceID,nProductID,nQuantity,nUnitPrice) VALUES (1,5,1,10.00);
INSERT INTO TInvoiceLine(nInvoiceID,nProductID,nQuantity,nUnitPrice) VALUES (1,17,1,18.00);
INSERT INTO TInvoiceLine(nInvoiceID,nProductID,nQuantity,nUnitPrice) VALUES (2,2,1,2.00);
INSERT INTO TInvoiceLine(nInvoiceID,nProductID,nQuantity,nUnitPrice) VALUES (2,3,1,1.50);
INSERT INTO TInvoiceLine(nInvoiceID,nProductID,nQuantity,nUnitPrice) VALUES (2,4,1,10.00);
INSERT INTO TInvoiceLine(nInvoiceID,nProductID,nQuantity,nUnitPrice) VALUES (2,5,2,10.00);
INSERT INTO TInvoiceLine(nInvoiceID,nProductID,nQuantity,nUnitPrice) VALUES (2,17,2,18.00);
INSERT INTO TInvoiceLine(nInvoiceID,nProductID,nQuantity,nUnitPrice) VALUES (3,2,1,2.00);
INSERT INTO TInvoiceLine(nInvoiceID,nProductID,nQuantity,nUnitPrice) VALUES (3,4,1,10.00);
INSERT INTO TInvoiceLine(nInvoiceID,nProductID,nQuantity,nUnitPrice) VALUES (3,5,1,10.00);
INSERT INTO TInvoiceLine(nInvoiceID,nProductID,nQuantity,nUnitPrice) VALUES (3,17,1,18.00);
INSERT INTO TInvoiceLine(nInvoiceID,nProductID,nQuantity,nUnitPrice) VALUES (3,20,1,3.00);
INSERT INTO TInvoiceLine(nInvoiceID,nProductID,nQuantity,nUnitPrice) VALUES (4,2,1,2.00);
INSERT INTO TInvoiceLine(nInvoiceID,nProductID,nQuantity,nUnitPrice) VALUES (4,3,1,1.50);
INSERT INTO TInvoiceLine(nInvoiceID,nProductID,nQuantity,nUnitPrice) VALUES (4,11,1,8.00);
INSERT INTO TInvoiceLine(nInvoiceID,nProductID,nQuantity,nUnitPrice) VALUES (4,12,2,4.50);
INSERT INTO TInvoiceLine(nInvoiceID,nProductID,nQuantity,nUnitPrice) VALUES (4,13,1,8.00);
INSERT INTO TInvoiceLine(nInvoiceID,nProductID,nQuantity,nUnitPrice) VALUES (5,2,2,2.00);
INSERT INTO TInvoiceLine(nInvoiceID,nProductID,nQuantity,nUnitPrice) VALUES (5,3,1,1.50);
INSERT INTO TInvoiceLine(nInvoiceID,nProductID,nQuantity,nUnitPrice) VALUES (5,11,2,8.00);
INSERT INTO TInvoiceLine(nInvoiceID,nProductID,nQuantity,nUnitPrice) VALUES (5,12,1,4.50);
INSERT INTO TInvoiceLine(nInvoiceID,nProductID,nQuantity,nUnitPrice) VALUES (5,13,1,8.00);
INSERT INTO TInvoiceLine(nInvoiceID,nProductID,nQuantity,nUnitPrice) VALUES (6,2,2,2.00);
INSERT INTO TInvoiceLine(nInvoiceID,nProductID,nQuantity,nUnitPrice) VALUES (6,3,2,1.50);
INSERT INTO TInvoiceLine(nInvoiceID,nProductID,nQuantity,nUnitPrice) VALUES (6,9,1,5.50);
INSERT INTO TInvoiceLine(nInvoiceID,nProductID,nQuantity,nUnitPrice) VALUES (6,11,3,8.00);
INSERT INTO TInvoiceLine(nInvoiceID,nProductID,nQuantity,nUnitPrice) VALUES (6,13,1,8.00);
INSERT INTO TInvoiceLine(nInvoiceID,nProductID,nQuantity,nUnitPrice) VALUES (7,1,1,2.50);
INSERT INTO TInvoiceLine(nInvoiceID,nProductID,nQuantity,nUnitPrice) VALUES (7,2,1,2.00);
INSERT INTO TInvoiceLine(nInvoiceID,nProductID,nQuantity,nUnitPrice) VALUES (7,3,1,1.50);
INSERT INTO TInvoiceLine(nInvoiceID,nProductID,nQuantity,nUnitPrice) VALUES (7,10,2,9.50);
INSERT INTO TInvoiceLine(nInvoiceID,nProductID,nQuantity,nUnitPrice) VALUES (7,20,1,3.00);
INSERT INTO TInvoiceLine(nInvoiceID,nProductID,nQuantity,nUnitPrice) VALUES (8,1,1,2.50);
INSERT INTO TInvoiceLine(nInvoiceID,nProductID,nQuantity,nUnitPrice) VALUES (8,2,2,2.00);
INSERT INTO TInvoiceLine(nInvoiceID,nProductID,nQuantity,nUnitPrice) VALUES (8,3,1,1.50);
INSERT INTO TInvoiceLine(nInvoiceID,nProductID,nQuantity,nUnitPrice) VALUES (8,10,1,9.50);
INSERT INTO TInvoiceLine(nInvoiceID,nProductID,nQuantity,nUnitPrice) VALUES (8,20,2,3.00);
INSERT INTO TInvoiceLine(nInvoiceID,nProductID,nQuantity,nUnitPrice) VALUES (9,2,2,2.00);
INSERT INTO TInvoiceLine(nInvoiceID,nProductID,nQuantity,nUnitPrice) VALUES (9,3,1,1.50);
INSERT INTO TInvoiceLine(nInvoiceID,nProductID,nQuantity,nUnitPrice) VALUES (9,10,1,9.50);
INSERT INTO TInvoiceLine(nInvoiceID,nProductID,nQuantity,nUnitPrice) VALUES (9,12,1,4.50);
INSERT INTO TInvoiceLine(nInvoiceID,nProductID,nQuantity,nUnitPrice) VALUES (9,13,1,8.00);
INSERT INTO TInvoiceLine(nInvoiceID,nProductID,nQuantity,nUnitPrice) VALUES (10,1,1,2.50);
INSERT INTO TInvoiceLine(nInvoiceID,nProductID,nQuantity,nUnitPrice) VALUES (10,3,1,1.50);
INSERT INTO TInvoiceLine(nInvoiceID,nProductID,nQuantity,nUnitPrice) VALUES (11,6,1,2,10);
INSERT INTO TInvoiceLine(nInvoiceID,nProductID,nQuantity,nUnitPrice) VALUES (11,7,1,20.00);
INSERT INTO TInvoiceLine(nInvoiceID,nProductID,nQuantity,nUnitPrice) VALUES (12,5,1,10.00);
INSERT INTO TInvoiceLine(nInvoiceID,nProductID,nQuantity,nUnitPrice) VALUES (13,4,1,10.00);
INSERT INTO TInvoiceLine(nInvoiceID,nProductID,nQuantity,nUnitPrice) VALUES (13,8,1,2.35);
INSERT INTO TInvoiceLine(nInvoiceID,nProductID,nQuantity,nUnitPrice) VALUES (14,9,1,5.50);
INSERT INTO TInvoiceLine(nInvoiceID,nProductID,nQuantity,nUnitPrice) VALUES (15,2,1,2.00);
INSERT INTO TInvoiceLine(nInvoiceID,nProductID,nQuantity,nUnitPrice) VALUES (15,3,1,1.50);
INSERT INTO TInvoiceLine(nInvoiceID,nProductID,nQuantity,nUnitPrice) VALUES (15,4,1,10.00);
INSERT INTO TInvoiceLine(nInvoiceID,nProductID,nQuantity,nUnitPrice) VALUES (16,4,1,10.00);
INSERT INTO TInvoiceLine(nInvoiceID,nProductID,nQuantity,nUnitPrice) VALUES (16,7,1,20.00);
INSERT INTO TInvoiceLine(nInvoiceID,nProductID,nQuantity,nUnitPrice) VALUES (16,8,1,2.35);
INSERT INTO TInvoiceLine(nInvoiceID,nProductID,nQuantity,nUnitPrice) VALUES (17,8,2,2.35);
INSERT INTO TInvoiceLine(nInvoiceID,nProductID,nQuantity,nUnitPrice) VALUES (17,10,1,9.50);
INSERT INTO TInvoiceLine(nInvoiceID,nProductID,nQuantity,nUnitPrice) VALUES (17,12,1,4.50);
INSERT INTO TInvoiceLine(nInvoiceID,nProductID,nQuantity,nUnitPrice) VALUES (18,8,2,2.35);
INSERT INTO TInvoiceLine(nInvoiceID,nProductID,nQuantity,nUnitPrice) VALUES (18,10,1,9.50);
INSERT INTO TInvoiceLine(nInvoiceID,nProductID,nQuantity,nUnitPrice) VALUES (18,12,1,4.50);
INSERT INTO TInvoiceLine(nInvoiceID,nProductID,nQuantity,nUnitPrice) VALUES (19,4,1,10.00);
INSERT INTO TInvoiceLine(nInvoiceID,nProductID,nQuantity,nUnitPrice) VALUES (19,5,1,10.00);
INSERT INTO TInvoiceLine(nInvoiceID,nProductID,nQuantity,nUnitPrice) VALUES (19,9,1,5.50);
INSERT INTO TInvoiceLine(nInvoiceID,nProductID,nQuantity,nUnitPrice) VALUES (19,10,1,9.50);
INSERT INTO TInvoiceLine(nInvoiceID,nProductID,nQuantity,nUnitPrice) VALUES (20,4,1,10.00);
INSERT INTO TInvoiceLine(nInvoiceID,nProductID,nQuantity,nUnitPrice) VALUES (20,9,2,5.50);
INSERT INTO TInvoiceLine(nInvoiceID,nProductID,nQuantity,nUnitPrice) VALUES (20,10,2,9.50);
INSERT INTO TInvoiceLine(nInvoiceID,nProductID,nQuantity,nUnitPrice) VALUES (20,15,1,13.50);
INSERT INTO TInvoiceLine(nInvoiceID,nProductID,nQuantity,nUnitPrice) VALUES (21,5,1,10.00);
INSERT INTO TInvoiceLine(nInvoiceID,nProductID,nQuantity,nUnitPrice) VALUES (21,7,1,20.00);
INSERT INTO TInvoiceLine(nInvoiceID,nProductID,nQuantity,nUnitPrice) VALUES (21,9,1,5.50);
INSERT INTO TInvoiceLine(nInvoiceID,nProductID,nQuantity,nUnitPrice) VALUES (21,10,1,9.50);
INSERT INTO TInvoiceLine(nInvoiceID,nProductID,nQuantity,nUnitPrice) VALUES (22,1,1,2.50);
INSERT INTO TInvoiceLine(nInvoiceID,nProductID,nQuantity,nUnitPrice) VALUES (22,5,1,10.00);
INSERT INTO TInvoiceLine(nInvoiceID,nProductID,nQuantity,nUnitPrice) VALUES (22,7,1,20.00);
INSERT INTO TInvoiceLine(nInvoiceID,nProductID,nQuantity,nUnitPrice) VALUES (23,3,1,1.50);
INSERT INTO TInvoiceLine(nInvoiceID,nProductID,nQuantity,nUnitPrice) VALUES (23,4,1,10.00);
INSERT INTO TInvoiceLine(nInvoiceID,nProductID,nQuantity,nUnitPrice) VALUES (23,12,1,4.50);
INSERT INTO TInvoiceLine(nInvoiceID,nProductID,nQuantity,nUnitPrice) VALUES (24,10,1,9.50);
INSERT INTO TInvoiceLine(nInvoiceID,nProductID,nQuantity,nUnitPrice) VALUES (24,13,1,8.00);
INSERT INTO TInvoiceLine(nInvoiceID,nProductID,nQuantity,nUnitPrice) VALUES (25,17,1,18.00);
INSERT INTO TInvoiceLine(nInvoiceID,nProductID,nQuantity,nUnitPrice) VALUES (25,18,1,21.00);
INSERT INTO TInvoiceLine(nInvoiceID,nProductID,nQuantity,nUnitPrice) VALUES (26,3,1,1.50);
INSERT INTO TInvoiceLine(nInvoiceID,nProductID,nQuantity,nUnitPrice) VALUES (26,4,1,10.00);
INSERT INTO TInvoiceLine(nInvoiceID,nProductID,nQuantity,nUnitPrice) VALUES (27,3,1,1.50);
INSERT INTO TInvoiceLine(nInvoiceID,nProductID,nQuantity,nUnitPrice) VALUES (27,4,1,10.00);
INSERT INTO TInvoiceLine(nInvoiceID,nProductID,nQuantity,nUnitPrice) VALUES (28,7,1,20.00);
INSERT INTO TInvoiceLine(nInvoiceID,nProductID,nQuantity,nUnitPrice) VALUES (28,9,1,5.50);
INSERT INTO TInvoiceLine(nInvoiceID,nProductID,nQuantity,nUnitPrice) VALUES (29,7,1,20.00);
INSERT INTO TInvoiceLine(nInvoiceID,nProductID,nQuantity,nUnitPrice) VALUES (29,9,1,5.50);
INSERT INTO TInvoiceLine(nInvoiceID,nProductID,nQuantity,nUnitPrice) VALUES (30,7,1,20.00);
INSERT INTO TInvoiceLine(nInvoiceID,nProductID,nQuantity,nUnitPrice) VALUES (30,9,1,5.50);
INSERT INTO TInvoiceLine(nInvoiceID,nProductID,nQuantity,nUnitPrice) VALUES (30,10,1,9.50);
INSERT INTO TInvoiceLine(nInvoiceID,nProductID,nQuantity,nUnitPrice) VALUES (30,11,1,8.00);
INSERT INTO TInvoiceLine(nInvoiceID,nProductID,nQuantity,nUnitPrice) VALUES (30,12,1,4.50);
INSERT INTO TInvoiceLine(nInvoiceID,nProductID,nQuantity,nUnitPrice) VALUES (31,11,1,8.00);
INSERT INTO TInvoiceLine(nInvoiceID,nProductID,nQuantity,nUnitPrice) VALUES (31,12,1,4.50);
INSERT INTO TInvoiceLine(nInvoiceID,nProductID,nQuantity,nUnitPrice) VALUES (32,12,1,4.50);
INSERT INTO TInvoiceLine(nInvoiceID,nProductID,nQuantity,nUnitPrice) VALUES (33,17,2,18.00);
INSERT INTO TInvoiceLine(nInvoiceID,nProductID,nQuantity,nUnitPrice) VALUES (34,17,1,18.00);
INSERT INTO TInvoiceLine(nInvoiceID,nProductID,nQuantity,nUnitPrice) VALUES (34,19,1,9.00);
INSERT INTO TInvoiceLine(nInvoiceID,nProductID,nQuantity,nUnitPrice) VALUES (34,20,1,3.00);
INSERT INTO TInvoiceLine(nInvoiceID,nProductID,nQuantity,nUnitPrice) VALUES (35,17,1,18.00);
INSERT INTO TInvoiceLine(nInvoiceID,nProductID,nQuantity,nUnitPrice) VALUES (35,19,1,9.00);
INSERT INTO TInvoiceLine(nInvoiceID,nProductID,nQuantity,nUnitPrice) VALUES (35,20,1,3.00);
INSERT INTO TInvoiceLine(nInvoiceID,nProductID,nQuantity,nUnitPrice) VALUES (36,1,1,2.50);
INSERT INTO TInvoiceLine(nInvoiceID,nProductID,nQuantity,nUnitPrice) VALUES (36,2,1,2.00);
INSERT INTO TInvoiceLine(nInvoiceID,nProductID,nQuantity,nUnitPrice) VALUES (36,4,1,10.00);
INSERT INTO TInvoiceLine(nInvoiceID,nProductID,nQuantity,nUnitPrice) VALUES (37,2,1,2.00);
INSERT INTO TInvoiceLine(nInvoiceID,nProductID,nQuantity,nUnitPrice) VALUES (37,3,1,1.50);
INSERT INTO TInvoiceLine(nInvoiceID,nProductID,nQuantity,nUnitPrice) VALUES (37,4,1,10.00);
INSERT INTO TInvoiceLine(nInvoiceID,nProductID,nQuantity,nUnitPrice) VALUES (38,3,1,1.50);
INSERT INTO TInvoiceLine(nInvoiceID,nProductID,nQuantity,nUnitPrice) VALUES (38,4,1,10.00);
INSERT INTO TInvoiceLine(nInvoiceID,nProductID,nQuantity,nUnitPrice) VALUES (39,8,1,2.35);
INSERT INTO TInvoiceLine(nInvoiceID,nProductID,nQuantity,nUnitPrice) VALUES (39,9,1,5.50);
INSERT INTO TInvoiceLine(nInvoiceID,nProductID,nQuantity,nUnitPrice) VALUES (40,8,1,2.35);
INSERT INTO TInvoiceLine(nInvoiceID,nProductID,nQuantity,nUnitPrice) VALUES (40,9,1,5.50);
INSERT INTO TInvoiceLine(nInvoiceID,nProductID,nQuantity,nUnitPrice) VALUES (41,9,1,5.50);
INSERT INTO TInvoiceLine(nInvoiceID,nProductID,nQuantity,nUnitPrice) VALUES (41,10,1,9.50);
INSERT INTO TInvoiceLine(nInvoiceID,nProductID,nQuantity,nUnitPrice) VALUES (42,4,1,10.00);
INSERT INTO TInvoiceLine(nInvoiceID,nProductID,nQuantity,nUnitPrice) VALUES (42,5,1,10.00);
INSERT INTO TInvoiceLine(nInvoiceID,nProductID,nQuantity,nUnitPrice) VALUES (42,9,1,5.50);
INSERT INTO TInvoiceLine(nInvoiceID,nProductID,nQuantity,nUnitPrice) VALUES (43,5,1,10.00);
INSERT INTO TInvoiceLine(nInvoiceID,nProductID,nQuantity,nUnitPrice) VALUES (43,9,1,5.50);
INSERT INTO TInvoiceLine(nInvoiceID,nProductID,nQuantity,nUnitPrice) VALUES (43,10,1,9.50);
INSERT INTO TInvoiceLine(nInvoiceID,nProductID,nQuantity,nUnitPrice) VALUES (44,10,1,9.50);
INSERT INTO TInvoiceLine(nInvoiceID,nProductID,nQuantity,nUnitPrice) VALUES (44,13,1,8.00);
INSERT INTO TInvoiceLine(nInvoiceID,nProductID,nQuantity,nUnitPrice) VALUES (45,10,1,9.50);
INSERT INTO TInvoiceLine(nInvoiceID,nProductID,nQuantity,nUnitPrice) VALUES (45,17,1,18.00);
INSERT INTO TInvoiceLine(nInvoiceID,nProductID,nQuantity,nUnitPrice) VALUES (46,17,1,18.00);